date,branch,url,change,target_query,baseline_position,baseline_clicks_28d,check_14d,check_28d,notes
2026-09-28,seo/week-2026-09-28,/,"Default title → ""Houses & Land for Rent and Sale in Kampala""; sr-only H1",houses for rent in kampala,,,,,baseline from GSC on approval day
2026-09-28,seo/week-2026-09-28,/listings/*,"Titles: N-Bedroom Type for Rent/Sale in Area, Kampala; fact-based descriptions ≤155",<n> bedroom apartment for rent <area>,,,,,watch per-listing impressions
2026-09-28,seo/week-2026-09-28,/services/*,"Titles with ""in Kampala""; descriptions ≤155; Service + BreadcrumbList schema",property management kampala,,,,,also valuation / land surveying kampala
2026-09-28,seo/week-2026-09-28,/services/,"Title → Real Estate Services in Kampala",real estate services kampala,,,,,
2026-09-28,seo/week-2026-09-28,/insights/,"Title → Kampala Property Guides & Insights; accurate description",kampala property guide,,,,,
2026-09-28,seo/week-2026-09-28,/insights/*,"Article @graph with BreadcrumbList + FAQPage; dateModified; inline links + FAQ block in CMS",kibanja vs freehold,,,,,needs CMS link edits from internal-link-map.md
2026-09-28,seo/week-2026-09-28,/areas/ + /areas/*,"Area guides rebuilt in site design: live listings, counts and price ranges from our listings, CollectionPage + ItemList + BreadcrumbList + FAQPage schema; linked from listings, browse, header, footer, sitemap",houses for rent in kira,,,,,also: <area> kampala / land for sale <area>
2026-10-03,seo/week-2026-10-05,www.mojesuproperties.com/*,"www served duplicate 200 copy → single-hop 308 to apex (pages keep trailing slash, files keep path)",mojesu properties,,,,,check GSC Pages: 'Alternate page with proper canonical' for www should clear
2026-10-03,seo/week-2026-10-05,/rent/,"H1 'For rent' → 'Homes for rent'; data-driven In short + Browse by area links + FAQ; CollectionPage + ItemList + BreadcrumbList + FAQPage schema (~277 → ~495 words)",houses for rent in kampala,,,,,FAQ answers come from live listings and update automatically
2026-10-03,seo/week-2026-10-05,/buy/,"H1 'For sale' → 'Homes for sale'; In short + area links + FAQ; CollectionPage/ItemList/BreadcrumbList/FAQPage (~189 → ~390 words)",houses for sale in kampala,,,,,titleStatus empty on all listings — fill in CMS
2026-10-03,seo/week-2026-10-05,/land/,"H1 'Land' → 'Land for sale'; In short + area links + FAQ (plot sizes, price range); CollectionPage/ItemList/BreadcrumbList/FAQPage (~208 → ~415 words)",land for sale in kampala,,,,,also: plots for sale kampala / land for sale wakiso
2026-10-03,seo/week-2026-10-05,/services/ + /insights/,"CollectionPage + ItemList + BreadcrumbList schema",real estate services kampala,,,,,intro copy is CMS — expand in Admin
2026-10-03,seo/week-2026-10-05,sitewide,"Organization schema: street address without opening hours, telephone +256780827159, alternateName, removed inaccurate city-centre geo; new WebSite node; default 1200x630 OG image + twitter large card",mojesu,,,,,add geo back once GBP pin is confirmed
2026-10-03,seo/week-2026-10-05,sitewide,"IndexNow key file + pnpm indexnow (Bing/Yandex) pinged after deploy",—,,,,,also import site into Bing Webmaster Tools
